docId,filename,top topics, and contribution to doc ...
1,/Users/elm/Desktop/HOW/hillarySubset/.DS_Store,20,0.500,17,0.500
2,/Users/elm/Desktop/HOW/hillarySubset/1.txt,16,0.748
3,/Users/elm/Desktop/HOW/hillarySubset/10.txt,16,0.713
4,/Users/elm/Desktop/HOW/hillarySubset/100.txt,11,0.390,10,0.234,2,0.104,17,0.091
5,/Users/elm/Desktop/HOW/hillarySubset/11.txt,3,0.695,16,0.141,11,0.074
6,/Users/elm/Desktop/HOW/hillarySubset/12.txt,14,0.244,12,0.218,10,0.150,17,0.140
7,/Users/elm/Desktop/HOW/hillarySubset/13.txt,14,0.361,12,0.285,7,0.091,8,0.050
8,/Users/elm/Desktop/HOW/hillarySubset/14.txt,12,0.449,11,0.157,14,0.101,13,0.056,7,0.056
9,/Users/elm/Desktop/HOW/hillarySubset/15.txt,6,0.418,11,0.305,9,0.142
10,/Users/elm/Desktop/HOW/hillarySubset/16.txt,6,0.610,11,0.085,10,0.067
11,/Users/elm/Desktop/HOW/hillarySubset/17.txt,6,0.727,11,0.115,19,0.073
12,/Users/elm/Desktop/HOW/hillarySubset/18.txt,11,0.326,6,0.304,20,0.087,9,0.087,1,0.054
13,/Users/elm/Desktop/HOW/hillarySubset/19.txt,20,0.276,13,0.122,10,0.089,18,0.065,12,0.065,1,0.061,2,0.057
14,/Users/elm/Desktop/HOW/hillarySubset/2.txt,16,0.691,3,0.069,11,0.051
15,/Users/elm/Desktop/HOW/hillarySubset/20.txt,6,0.390,11,0.312,9,0.128
16,/Users/elm/Desktop/HOW/hillarySubset/21.txt,6,0.605,10,0.093,11,0.080
17,/Users/elm/Desktop/HOW/hillarySubset/22.txt,6,0.701,11,0.091,19,0.079
18,/Users/elm/Desktop/HOW/hillarySubset/23.txt,11,0.337,6,0.304,20,0.087,9,0.076
19,/Users/elm/Desktop/HOW/hillarySubset/24.txt,13,0.675,11,0.060,19,0.059
20,/Users/elm/Desktop/HOW/hillarySubset/25.txt,13,0.683
21,/Users/elm/Desktop/HOW/hillarySubset/26.txt,17,0.521,5,0.178,10,0.135
22,/Users/elm/Desktop/HOW/hillarySubset/27.txt,11,0.462,10,0.192,7,0.106,3,0.106,12,0.058
23,/Users/elm/Desktop/HOW/hillarySubset/28.txt,6,0.411,11,0.312,9,0.149
24,/Users/elm/Desktop/HOW/hillarySubset/29.txt,6,0.605,10,0.136
25,/Users/elm/Desktop/HOW/hillarySubset/3.txt,3,0.725,16,0.094
26,/Users/elm/Desktop/HOW/hillarySubset/30.txt,6,0.709,11,0.103,19,0.085
27,/Users/elm/Desktop/HOW/hillarySubset/31.txt,11,0.304,6,0.304,20,0.076,9,0.076
28,/Users/elm/Desktop/HOW/hillarySubset/32.txt,6,0.217,10,0.203,9,0.181,16,0.087,11,0.058,4,0.058,12,0.051
29,/Users/elm/Desktop/HOW/hillarySubset/33.txt,19,0.596,6,0.122,11,0.078,16,0.056
30,/Users/elm/Desktop/HOW/hillarySubset/34.txt,19,0.528,11,0.106,18,0.065,10,0.050
31,/Users/elm/Desktop/HOW/hillarySubset/35.txt,10,0.254,6,0.231,9,0.172,12,0.052,11,0.052
32,/Users/elm/Desktop/HOW/hillarySubset/36.txt,19,0.593,6,0.116,11,0.076
33,/Users/elm/Desktop/HOW/hillarySubset/37.txt,19,0.514,10,0.082,11,0.077,18,0.058
34,/Users/elm/Desktop/HOW/hillarySubset/38.txt,6,0.459,11,0.159,9,0.159,16,0.055
35,/Users/elm/Desktop/HOW/hillarySubset/39.txt,6,0.699,11,0.065,19,0.062
36,/Users/elm/Desktop/HOW/hillarySubset/4.txt,16,0.701,11,0.083,10,0.064
37,/Users/elm/Desktop/HOW/hillarySubset/40.txt,6,0.517,11,0.175,9,0.123
38,/Users/elm/Desktop/HOW/hillarySubset/41.txt,6,0.694,19,0.072,11,0.058
39,/Users/elm/Desktop/HOW/hillarySubset/42.txt,8,0.744,10,0.069,11,0.056
40,/Users/elm/Desktop/HOW/hillarySubset/43.txt,8,0.796,10,0.055,11,0.051
41,/Users/elm/Desktop/HOW/hillarySubset/44.txt,16,0.184,14,0.184,10,0.172,5,0.115,11,0.109
42,/Users/elm/Desktop/HOW/hillarySubset/45.txt,5,0.222,14,0.095,8,0.090,2,0.090,12,0.079,11,0.074,6,0.063
43,/Users/elm/Desktop/HOW/hillarySubset/46.txt,2,0.147,7,0.114,8,0.103,11,0.092,5,0.092,17,0.082,16,0.054
44,/Users/elm/Desktop/HOW/hillarySubset/47.txt,5,0.212,2,0.152,20,0.136,11,0.121,8,0.121
45,/Users/elm/Desktop/HOW/hillarySubset/48.txt,18,0.597,16,0.124,10,0.081,9,0.073
46,/Users/elm/Desktop/HOW/hillarySubset/49.txt,18,0.539,16,0.123,10,0.071
47,/Users/elm/Desktop/HOW/hillarySubset/5.txt,16,0.687
48,/Users/elm/Desktop/HOW/hillarySubset/50.txt,12,0.311,5,0.185,4,0.104,18,0.099,11,0.063
49,/Users/elm/Desktop/HOW/hillarySubset/51.txt,18,0.398,10,0.277,11,0.054
50,/Users/elm/Desktop/HOW/hillarySubset/52.txt,12,0.290,11,0.181,4,0.071,6,0.065,14,0.058
51,/Users/elm/Desktop/HOW/hillarySubset/53.txt,5,0.613,20,0.161,11,0.090
52,/Users/elm/Desktop/HOW/hillarySubset/54.txt,20,0.678,2,0.068,11,0.062
53,/Users/elm/Desktop/HOW/hillarySubset/55.txt,5,0.582,20,0.154,11,0.063,10,0.053
54,/Users/elm/Desktop/HOW/hillarySubset/56.txt,20,0.685,2,0.075,11,0.068
55,/Users/elm/Desktop/HOW/hillarySubset/57.txt,10,0.415,20,0.339,13,0.076
56,/Users/elm/Desktop/HOW/hillarySubset/58.txt,12,0.237,14,0.206,8,0.088,10,0.083,7,0.079,17,0.053
57,/Users/elm/Desktop/HOW/hillarySubset/59.txt,14,0.423,12,0.265,10,0.085,17,0.051
58,/Users/elm/Desktop/HOW/hillarySubset/6.txt,3,0.722,16,0.112
59,/Users/elm/Desktop/HOW/hillarySubset/60.txt,12,0.254,14,0.238,7,0.107,8,0.087,10,0.052
60,/Users/elm/Desktop/HOW/hillarySubset/61.txt,12,0.460,14,0.285,11,0.051
61,/Users/elm/Desktop/HOW/hillarySubset/62.txt,7,0.170,14,0.165,8,0.161,17,0.134,12,0.085,13,0.063
62,/Users/elm/Desktop/HOW/hillarySubset/63.txt,7,0.259,17,0.113,2,0.097,12,0.089,14,0.073,19,0.053
63,/Users/elm/Desktop/HOW/hillarySubset/64.txt,7,0.239,2,0.162,17,0.153,11,0.099
64,/Users/elm/Desktop/HOW/hillarySubset/65.txt,7,0.263,17,0.151,2,0.127,11,0.078,5,0.059
65,/Users/elm/Desktop/HOW/hillarySubset/66.txt,8,0.179,17,0.158,14,0.138,2,0.122,7,0.102,11,0.061,10,0.061
66,/Users/elm/Desktop/HOW/hillarySubset/67.txt,17,0.301,7,0.096,13,0.087,2,0.079,8,0.074,11,0.066,10,0.052
67,/Users/elm/Desktop/HOW/hillarySubset/68.txt,12,0.283,14,0.229,17,0.089,11,0.081,7,0.054
68,/Users/elm/Desktop/HOW/hillarySubset/69.txt,14,0.235,12,0.187,7,0.147,8,0.084,11,0.076,17,0.056
69,/Users/elm/Desktop/HOW/hillarySubset/7.txt,5,0.505,10,0.099,8,0.099,11,0.080,19,0.052
70,/Users/elm/Desktop/HOW/hillarySubset/70.txt,7,0.222,14,0.158,17,0.131,12,0.113,2,0.068,11,0.054
71,/Users/elm/Desktop/HOW/hillarySubset/71.txt,7,0.328,17,0.178,2,0.126,11,0.069
72,/Users/elm/Desktop/HOW/hillarySubset/72.txt,7,0.281,17,0.147,2,0.097,12,0.069,10,0.065,4,0.055,19,0.051
73,/Users/elm/Desktop/HOW/hillarySubset/73.txt,2,0.213,17,0.193,7,0.129,11,0.094,14,0.059
74,/Users/elm/Desktop/HOW/hillarySubset/74.txt,2,0.352,17,0.163,7,0.150
75,/Users/elm/Desktop/HOW/hillarySubset/75.txt,7,0.244,2,0.175,17,0.120,11,0.078,19,0.065,14,0.060,13,0.055
76,/Users/elm/Desktop/HOW/hillarySubset/76.txt,7,0.244,11,0.111,2,0.111,17,0.097,1,0.069
77,/Users/elm/Desktop/HOW/hillarySubset/77.txt,2,0.364,7,0.141,20,0.083,9,0.058
78,/Users/elm/Desktop/HOW/hillarySubset/78.txt,2,0.371,7,0.139,17,0.074,11,0.074,1,0.054
79,/Users/elm/Desktop/HOW/hillarySubset/79.txt,2,0.429,7,0.108,11,0.075
80,/Users/elm/Desktop/HOW/hillarySubset/8.txt,5,0.289,8,0.123,11,0.083,12,0.070,14,0.066,17,0.057
81,/Users/elm/Desktop/HOW/hillarySubset/80.txt,2,0.276,7,0.222,17,0.127,14,0.068
82,/Users/elm/Desktop/HOW/hillarySubset/81.txt,2,0.213,7,0.200,17,0.125,10,0.125,11,0.087,13,0.075
83,/Users/elm/Desktop/HOW/hillarySubset/82.txt,10,0.469,20,0.369,13,0.062
84,/Users/elm/Desktop/HOW/hillarySubset/83.txt,14,0.283,5,0.102,20,0.089,12,0.076,13,0.064,10,0.054,11,0.051,2,0.051
85,/Users/elm/Desktop/HOW/hillarySubset/84.txt,14,0.182,18,0.101,11,0.101,7,0.088,12,0.081,15,0.074,13,0.061
86,/Users/elm/Desktop/HOW/hillarySubset/85.txt,15,0.401,4,0.345,1,0.227
87,/Users/elm/Desktop/HOW/hillarySubset/86.txt,15,0.328,4,0.325,1,0.312
88,/Users/elm/Desktop/HOW/hillarySubset/87.txt,15,0.448,4,0.296,1,0.108,10,0.079
89,/Users/elm/Desktop/HOW/hillarySubset/88.txt,4,0.325,1,0.319,15,0.287
90,/Users/elm/Desktop/HOW/hillarySubset/89.txt,15,0.421,4,0.270,10,0.176,1,0.050
91,/Users/elm/Desktop/HOW/hillarySubset/9.txt,16,0.723,11,0.063,10,0.057
92,/Users/elm/Desktop/HOW/hillarySubset/90.txt,4,0.340,1,0.319,15,0.307
93,/Users/elm/Desktop/HOW/hillarySubset/91.txt,15,0.352,1,0.187,4,0.176,11,0.143,10,0.055
94,/Users/elm/Desktop/HOW/hillarySubset/92.txt,15,0.432,4,0.324,10,0.085
95,/Users/elm/Desktop/HOW/hillarySubset/93.txt,4,0.358,15,0.319,1,0.266
96,/Users/elm/Desktop/HOW/hillarySubset/94.txt,15,0.379,1,0.300,4,0.186,11,0.086
97,/Users/elm/Desktop/HOW/hillarySubset/95.txt,9,0.581,10,0.090,6,0.056
98,/Users/elm/Desktop/HOW/hillarySubset/96.txt,9,0.593,6,0.104,10,0.060
99,/Users/elm/Desktop/HOW/hillarySubset/97.txt,9,0.488,11,0.113,6,0.105,10,0.094
100,/Users/elm/Desktop/HOW/hillarySubset/98.txt,9,0.595,6,0.100
101,/Users/elm/Desktop/HOW/hillarySubset/99.txt,4,0.365,15,0.327,1,0.234
