topicId,words..
1,attack president intelligence added cover national events operation people happened
2,government unclassified minister foreign indonesia leaders agreement violent clinton pakistan
3,general egypt military east including hold chief syrian affairs operations
4,libya news rove carter october campaign terrorism jimmy agreement presidential
5,embassy september film unclassified cheryl mills security foia protesters cairo
6,magariaf source officials security libyan attacks forces attack government benghazi
7,states today people working violence produced countries morocco continue important
8,muslims world religious americans religion faith cnn islam speech free
9,morsi western egyptian september facilities direct egypt private effort general
10,sensitive comm unclassified information produced benghazi agreement redactions libya libyan
11,foia sensitive information waiver agreement redactions benghazi comm produced group
12,libya american americans world attack waiver day september back personnel
13,support arab zone flight colonel united international council qaddafi states
14,benghazi chris ambassador people stevens country colleagues friends service america
15,obama romney administration source produced security waiver gop published terrorist
16,libyan qaddafi air march forces syria benghazi foreign part tripoli
17,united secretary security redactions world remarks future justice great years
18,rebel troops source waiver foia move rebels intel weapons army
19,western libya time individuals intelligence services efforts qaddafi cooperation political
20,embassy sbu message consulate reported police general demonstrations march mail
